return_id,order_id,return_date,return_reason,refund_amount
RET00001,ORD003642,2024-09-19,Late delivery,1977.48
RET00002,ORD006736,2023-09-07,Customer changed mind,4765.07
RET00003,ORD008568,2023-04-16,Damaged product,2283.57
RET00004,ORD004153,2024-09-18,Damaged product,2129.33
RET00005,ORD003418,2023-04-10,Damaged product,521.4
RET00006,ORD004714,2023-03-08,Wrong item sent,4255.89
RET00007,ORD009270,2022-01-08,Late delivery,1663.34
RET00008,ORD004871,2022-10-31,Wrong item sent,4602.8
RET00009,ORD005306,2024-05-07,Damaged product,1288.91
RET00010,ORD006252,2024-03-08,Customer changed mind,1018.11
RET00011,ORD002280,2024-04-01,Quality not as expected,1174.62
RET00012,ORD005127,2024-09-29,Damaged product,3845.84
RET00013,ORD000206,2022-04-15,Quality not as expected,1183.76
RET00014,ORD000093,2023-07-22,Damaged product,3601.56
RET00015,ORD000219,2024-08-13,Quality not as expected,4097.51
RET00016,ORD008709,2022-08-14,Quality not as expected,947.81
RET00017,ORD006282,2023-08-22,Quality not as expected,1017.32
RET00018,ORD000307,2022-09-22,Late delivery,1440.65
RET00019,ORD005607,2022-10-08,Quality not as expected,1242.5
RET00020,ORD009114,2023-07-31,Late delivery,3852.09
RET00021,ORD000919,2022-04-30,Wrong item sent,4340.93
RET00022,ORD008736,2023-06-28,Late delivery,4490.04
RET00023,ORD009210,2023-02-18,Customer changed mind,1533.77
RET00024,ORD001803,2022-08-31,Quality not as expected,3068.68
RET00025,ORD006043,2024-08-07,Customer changed mind,2801.03
RET00026,ORD008892,2023-06-04,Wrong item sent,4354.87
RET00027,ORD005849,2022-05-13,Quality not as expected,1760.2
RET00028,ORD004035,2024-08-27,Late delivery,479.11
RET00029,ORD005435,2023-11-25,Customer changed mind,2488.95
RET00030,ORD000413,2023-12-04,Customer changed mind,4324.08
RET00031,ORD003703,2024-02-17,Damaged product,311.48
RET00032,ORD001706,2024-11-06,Wrong item sent,3996.84
RET00033,ORD007016,2023-02-02,Damaged product,4045.95
RET00034,ORD004895,2023-08-22,Wrong item sent,4310.18
RET00035,ORD006829,2022-05-19,Damaged product,1658.66
RET00036,ORD002260,2024-02-28,Late delivery,1973.76
RET00037,ORD000275,2024-03-05,Customer changed mind,403.78
RET00038,ORD002106,2024-05-10,Wrong item sent,4393.05
RET00039,ORD000391,2023-08-16,Wrong item sent,4151.16
RET00040,ORD008966,2023-05-09,Late delivery,4455.49
RET00041,ORD002992,2022-08-25,Late delivery,3493.92
RET00042,ORD008255,2023-12-15,Wrong item sent,2834.2
RET00043,ORD004242,2023-09-30,Customer changed mind,679.53
RET00044,ORD001650,2022-03-10,Quality not as expected,106.65
RET00045,ORD000028,2024-07-24,Wrong item sent,4293.33
RET00046,ORD003085,2023-01-24,Quality not as expected,2232.37
RET00047,ORD001150,2023-08-16,Wrong item sent,475.18
RET00048,ORD006552,2024-06-19,Customer changed mind,954.55
RET00049,ORD003481,2024-12-03,Late delivery,2251.22
RET00050,ORD007186,2022-08-10,Late delivery,177.99
RET00051,ORD008302,2024-11-24,Late delivery,1669.04
RET00052,ORD002165,2023-12-05,Quality not as expected,4408.41
RET00053,ORD007722,2024-05-25,Damaged product,1380.86
RET00054,ORD009179,2024-06-01,Damaged product,2190.89
RET00055,ORD001831,2024-11-19,Wrong item sent,3118.66
RET00056,ORD001858,2024-11-20,Damaged product,1167.6
RET00057,ORD005358,2022-05-08,Wrong item sent,2387.8
RET00058,ORD001039,2024-03-03,Damaged product,199.57
RET00059,ORD001847,2024-02-04,Customer changed mind,1168.34
RET00060,ORD001698,2022-12-17,Quality not as expected,401.34
RET00061,ORD008206,2023-02-28,Quality not as expected,3274.12
RET00062,ORD006228,2022-11-17,Late delivery,2207.54
RET00063,ORD006726,2022-02-24,Damaged product,201.89
RET00064,ORD009268,2024-08-28,Customer changed mind,3670.16
RET00065,ORD004418,2024-05-15,Late delivery,298.37
RET00066,ORD007511,2022-02-15,Late delivery,603.91
RET00067,ORD007730,2023-12-16,Customer changed mind,2337.26
RET00068,ORD000021,2024-08-16,Damaged product,188.98
RET00069,ORD003065,2022-07-04,Wrong item sent,578.4
RET00070,ORD003455,2023-01-08,Damaged product,749.24
RET00071,ORD008494,2022-10-02,Quality not as expected,3584.27
RET00072,ORD008081,2022-07-28,Damaged product,2784.4
RET00073,ORD001376,2023-10-10,Damaged product,865.33
RET00074,ORD003833,2023-07-23,Damaged product,787.92
RET00075,ORD004548,2023-09-15,Quality not as expected,4944.13
RET00076,ORD001925,2023-07-14,Late delivery,2518.55
RET00077,ORD001335,2022-11-16,Damaged product,827.26
RET00078,ORD002526,2024-05-09,Late delivery,3673.72
RET00079,ORD004096,2022-07-20,Damaged product,1285.82
RET00080,ORD007522,2023-09-29,Quality not as expected,2355.84
RET00081,ORD000636,2023-12-30,Customer changed mind,2046.42
RET00082,ORD005980,2023-06-23,Damaged product,1129.78
RET00083,ORD000156,2023-01-30,Wrong item sent,750.82
RET00084,ORD005680,2023-04-16,Quality not as expected,1928.65
RET00085,ORD008495,2024-04-09,Wrong item sent,1631.0
RET00086,ORD007230,2024-06-08,Quality not as expected,3068.71
RET00087,ORD006045,2022-07-16,Quality not as expected,4149.43
RET00088,ORD003010,2024-09-05,Quality not as expected,573.89
RET00089,ORD008124,2024-12-27,Damaged product,4947.03
RET00090,ORD009109,2024-01-08,Damaged product,4667.23
RET00091,ORD008657,2022-10-27,Wrong item sent,3286.76
RET00092,ORD001342,2022-08-23,Wrong item sent,1417.05
RET00093,ORD008073,2024-12-20,Damaged product,2298.41
RET00094,ORD006315,2022-04-25,Damaged product,1496.0
RET00095,ORD001004,2024-10-14,Damaged product,2838.91
RET00096,ORD008420,2022-02-05,Late delivery,2039.97
RET00097,ORD004767,2022-06-07,Damaged product,2742.13
RET00098,ORD002369,2024-06-20,Quality not as expected,118.58
RET00099,ORD007051,2023-12-29,Damaged product,4076.33
RET00100,ORD003300,2022-03-22,Damaged product,1990.0
RET00101,ORD007628,2023-12-28,Customer changed mind,3867.49
RET00102,ORD001255,2023-11-13,Wrong item sent,414.49
RET00103,ORD004649,2022-10-30,Late delivery,361.87
RET00104,ORD007299,2024-09-17,Late delivery,300.99
RET00105,ORD008816,2024-08-27,Quality not as expected,4295.97
RET00106,ORD000246,2022-01-28,Damaged product,332.35
RET00107,ORD005609,2022-03-02,Quality not as expected,3988.63
RET00108,ORD000844,2023-10-19,Customer changed mind,4494.13
RET00109,ORD002460,2022-09-16,Customer changed mind,4704.7
RET00110,ORD004220,2022-10-24,Damaged product,4410.77
RET00111,ORD006200,2024-05-01,Late delivery,1858.58
RET00112,ORD006137,2022-03-03,Late delivery,3808.46
RET00113,ORD006921,2023-06-15,Damaged product,3248.58
RET00114,ORD005732,2022-12-29,Quality not as expected,949.07
RET00115,ORD001961,2024-08-18,Customer changed mind,2858.58
RET00116,ORD005070,2022-09-20,Quality not as expected,646.1
RET00117,ORD000655,2024-01-28,Customer changed mind,3658.53
RET00118,ORD002961,2023-08-18,Customer changed mind,4714.34
RET00119,ORD001225,2022-11-15,Quality not as expected,4676.43
RET00120,ORD009074,2024-10-01,Damaged product,3325.25
RET00121,ORD005222,2024-12-30,Quality not as expected,3287.56
RET00122,ORD008853,2023-03-09,Customer changed mind,1445.55
RET00123,ORD006534,2024-03-30,Wrong item sent,3150.66
RET00124,ORD007593,2023-10-19,Quality not as expected,1271.01
RET00125,ORD000883,2023-04-06,Late delivery,2054.51
RET00126,ORD005643,2022-01-27,Wrong item sent,893.28
RET00127,ORD000217,2022-01-06,Late delivery,2897.32
RET00128,ORD003002,2024-04-29,Wrong item sent,2323.82
RET00129,ORD000580,2024-04-14,Late delivery,4419.29
RET00130,ORD009235,2022-04-05,Quality not as expected,2901.94
RET00131,ORD006412,2024-12-15,Wrong item sent,3969.08
RET00132,ORD003177,2024-10-22,Damaged product,2785.36
RET00133,ORD007362,2023-02-26,Wrong item sent,3597.48
RET00134,ORD000256,2023-07-04,Damaged product,157.38
RET00135,ORD001591,2023-03-26,Customer changed mind,4340.21
RET00136,ORD001767,2023-05-11,Customer changed mind,200.41
RET00137,ORD002130,2022-09-25,Customer changed mind,1410.74
RET00138,ORD004542,2024-11-14,Quality not as expected,3178.63
RET00139,ORD007908,2023-06-30,Quality not as expected,121.88
RET00140,ORD003169,2022-04-21,Wrong item sent,123.3
RET00141,ORD008654,2022-07-21,Late delivery,1100.42
RET00142,ORD000865,2024-09-23,Damaged product,982.84
RET00143,ORD008640,2023-12-15,Customer changed mind,4191.9
RET00144,ORD003705,2024-09-08,Customer changed mind,4760.33
RET00145,ORD008610,2024-12-17,Wrong item sent,3362.27
RET00146,ORD008433,2024-10-04,Quality not as expected,1785.28
RET00147,ORD004348,2023-05-13,Wrong item sent,2617.81
RET00148,ORD008387,2023-08-08,Wrong item sent,1852.68
RET00149,ORD008027,2023-02-15,Wrong item sent,317.69
RET00150,ORD007623,2023-12-09,Damaged product,3933.63
RET00151,ORD004980,2024-02-27,Wrong item sent,359.55
RET00152,ORD005550,2024-12-14,Quality not as expected,3829.01
RET00153,ORD005027,2023-06-18,Late delivery,2066.2
RET00154,ORD005117,2022-03-29,Quality not as expected,591.43
RET00155,ORD002038,2024-10-20,Quality not as expected,2103.35
RET00156,ORD000676,2023-10-04,Quality not as expected,2547.86
RET00157,ORD007373,2022-10-21,Customer changed mind,762.98
RET00158,ORD007412,2023-04-15,Late delivery,2440.74
RET00159,ORD004321,2023-02-05,Damaged product,2952.61
RET00160,ORD000704,2023-02-22,Wrong item sent,614.86
RET00161,ORD004725,2023-02-13,Customer changed mind,4391.48
RET00162,ORD000159,2023-01-19,Wrong item sent,4082.52
RET00163,ORD003737,2024-11-01,Quality not as expected,3604.07
RET00164,ORD001299,2023-05-22,Late delivery,3447.61
RET00165,ORD002601,2022-08-16,Quality not as expected,3001.67
RET00166,ORD008475,2022-12-09,Quality not as expected,2835.28
RET00167,ORD001718,2022-01-10,Wrong item sent,4176.79
RET00168,ORD005209,2023-01-20,Late delivery,1856.4
RET00169,ORD007712,2022-01-12,Quality not as expected,4936.4
RET00170,ORD004373,2022-03-10,Wrong item sent,4136.99
RET00171,ORD004647,2024-07-19,Wrong item sent,3233.42
RET00172,ORD009288,2024-01-25,Customer changed mind,3329.33
RET00173,ORD007609,2023-06-30,Late delivery,929.72
RET00174,ORD003203,2022-07-04,Damaged product,4417.69
RET00175,ORD002643,2024-08-25,Late delivery,3815.41
RET00176,ORD007159,2024-11-20,Damaged product,3663.55
RET00177,ORD002084,2023-06-02,Wrong item sent,1100.84
RET00178,ORD000873,2023-09-20,Damaged product,1951.03
RET00179,ORD007740,2023-09-12,Quality not as expected,3623.4
RET00180,ORD001212,2022-09-11,Customer changed mind,1092.68
RET00181,ORD008990,2023-07-11,Damaged product,3068.2
RET00182,ORD004507,2024-04-09,Customer changed mind,1518.87
RET00183,ORD007932,2022-03-11,Customer changed mind,1562.26
RET00184,ORD006746,2023-03-10,Wrong item sent,4141.94
RET00185,ORD003965,2024-03-26,Late delivery,804.26
RET00186,ORD004935,2024-03-12,Damaged product,452.09
RET00187,ORD004389,2024-02-02,Late delivery,4618.86
RET00188,ORD004815,2023-04-04,Late delivery,4473.58
RET00189,ORD005918,2023-10-30,Late delivery,3526.21
RET00190,ORD004030,2022-05-02,Quality not as expected,4289.19
RET00191,ORD005413,2023-02-12,Wrong item sent,4885.54
RET00192,ORD003499,2022-07-07,Wrong item sent,2832.63
RET00193,ORD006440,2022-05-24,Late delivery,529.55
RET00194,ORD000323,2022-10-17,Wrong item sent,2705.47
RET00195,ORD005022,2022-07-06,Wrong item sent,1611.88
RET00196,ORD003264,2024-03-07,Customer changed mind,3135.56
RET00197,ORD001836,2023-12-26,Customer changed mind,1825.4
RET00198,ORD007418,2023-11-15,Wrong item sent,1601.98
RET00199,ORD004967,2022-09-26,Quality not as expected,4880.34
RET00200,ORD004529,2024-10-27,Quality not as expected,1454.35
RET00201,ORD006869,2023-04-16,Damaged product,1680.25
RET00202,ORD006785,2024-03-31,Damaged product,406.05
RET00203,ORD007746,2022-06-24,Wrong item sent,2556.0
RET00204,ORD007205,2023-07-06,Late delivery,2901.26
RET00205,ORD007162,2024-11-17,Damaged product,796.0
RET00206,ORD000118,2024-03-12,Customer changed mind,3017.97
RET00207,ORD003450,2022-09-20,Late delivery,2400.46
RET00208,ORD003728,2024-08-24,Wrong item sent,587.19
RET00209,ORD002886,2024-12-11,Damaged product,2068.08
RET00210,ORD004550,2022-11-03,Quality not as expected,4752.44
RET00211,ORD004952,2024-03-25,Wrong item sent,3551.32
RET00212,ORD005942,2023-06-06,Late delivery,3554.73
RET00213,ORD000018,2023-04-25,Customer changed mind,2361.75
RET00214,ORD007828,2022-05-07,Customer changed mind,1143.59
RET00215,ORD005852,2023-01-02,Customer changed mind,4659.47
RET00216,ORD000656,2023-07-23,Late delivery,1117.67
RET00217,ORD007144,2023-12-23,Wrong item sent,3038.03
RET00218,ORD003213,2023-09-03,Late delivery,3700.43
RET00219,ORD005796,2023-05-31,Wrong item sent,4593.68
RET00220,ORD007612,2023-03-05,Late delivery,2592.82
RET00221,ORD006686,2023-12-04,Late delivery,2066.77
RET00222,ORD004872,2023-06-03,Late delivery,4078.85
RET00223,ORD002824,2022-07-09,Late delivery,1379.78
RET00224,ORD005450,2022-11-01,Damaged product,2214.73
RET00225,ORD004470,2022-09-21,Quality not as expected,1617.75
RET00226,ORD007106,2024-04-17,Wrong item sent,350.84
RET00227,ORD004735,2023-08-18,Customer changed mind,4365.86
RET00228,ORD001921,2023-10-25,Wrong item sent,2022.11
RET00229,ORD008220,2024-01-09,Customer changed mind,3027.31
RET00230,ORD005829,2024-03-29,Damaged product,3007.38
RET00231,ORD005101,2022-06-17,Late delivery,3935.79
RET00232,ORD006448,2022-11-20,Wrong item sent,298.09
RET00233,ORD003145,2023-03-26,Customer changed mind,1402.79
RET00234,ORD003928,2023-07-23,Wrong item sent,437.91
RET00235,ORD001551,2023-09-29,Late delivery,1087.92
RET00236,ORD000441,2023-08-14,Wrong item sent,4573.22
RET00237,ORD008801,2024-11-01,Wrong item sent,2800.41
RET00238,ORD007975,2023-07-09,Wrong item sent,3371.01
RET00239,ORD004619,2023-10-18,Late delivery,1716.51
RET00240,ORD004173,2024-07-21,Damaged product,741.99
RET00241,ORD008782,2024-05-03,Damaged product,4778.92
RET00242,ORD004563,2023-01-02,Customer changed mind,3455.58
RET00243,ORD006416,2022-05-05,Late delivery,1459.13
RET00244,ORD006919,2024-01-30,Wrong item sent,4650.01
RET00245,ORD000574,2024-08-18,Quality not as expected,159.22
RET00246,ORD006488,2024-03-22,Customer changed mind,1547.67
RET00247,ORD003179,2022-12-09,Wrong item sent,3014.69
RET00248,ORD006794,2022-08-03,Late delivery,4692.48
RET00249,ORD003308,2023-05-06,Wrong item sent,3328.95
RET00250,ORD000540,2022-12-06,Wrong item sent,4686.49
RET00251,ORD009190,2023-09-04,Late delivery,632.11
RET00252,ORD005759,2022-12-30,Damaged product,3812.68
RET00253,ORD006704,2024-09-12,Late delivery,1618.68
RET00254,ORD000165,2022-03-25,Wrong item sent,1781.72
RET00255,ORD004406,2022-08-19,Quality not as expected,215.79
RET00256,ORD004301,2024-12-15,Customer changed mind,2187.95
RET00257,ORD005345,2022-08-22,Wrong item sent,2059.99
RET00258,ORD006818,2023-05-04,Quality not as expected,4044.42
RET00259,ORD001029,2024-11-20,Wrong item sent,4920.43
RET00260,ORD004695,2024-01-10,Wrong item sent,4214.38
RET00261,ORD008998,2024-02-13,Wrong item sent,1272.11
RET00262,ORD008419,2024-11-14,Customer changed mind,3130.3
RET00263,ORD008146,2024-01-26,Quality not as expected,2632.38
RET00264,ORD005509,2024-02-22,Wrong item sent,4053.92
RET00265,ORD008386,2024-01-08,Damaged product,4108.03
RET00266,ORD001292,2024-03-03,Wrong item sent,2155.4
RET00267,ORD001539,2023-07-09,Quality not as expected,968.49
RET00268,ORD001693,2022-03-06,Late delivery,4040.35
RET00269,ORD006962,2024-11-02,Customer changed mind,1267.65
RET00270,ORD009266,2023-07-04,Damaged product,1061.81
RET00271,ORD007320,2022-11-02,Quality not as expected,186.51
RET00272,ORD002879,2024-03-25,Customer changed mind,1953.91
RET00273,ORD003966,2023-05-15,Late delivery,2566.31
RET00274,ORD002808,2023-10-10,Quality not as expected,189.76
RET00275,ORD001692,2024-07-24,Quality not as expected,4950.25
RET00276,ORD001986,2024-12-06,Damaged product,1122.56
RET00277,ORD005977,2024-11-09,Late delivery,553.45
RET00278,ORD004789,2023-02-05,Damaged product,3998.5
RET00279,ORD008396,2024-03-21,Customer changed mind,3827.87
RET00280,ORD009304,2023-07-10,Damaged product,2556.41
RET00281,ORD006904,2022-10-12,Late delivery,3267.93
RET00282,ORD000837,2024-01-13,Wrong item sent,777.39
RET00283,ORD005088,2023-11-03,Quality not as expected,1074.85
RET00284,ORD008167,2023-02-06,Wrong item sent,3283.62
RET00285,ORD005828,2023-02-03,Damaged product,4039.3
RET00286,ORD008997,2024-01-18,Quality not as expected,4653.9
RET00287,ORD001710,2023-09-24,Late delivery,541.33
RET00288,ORD000395,2022-02-20,Late delivery,921.98
RET00289,ORD003398,2024-03-09,Wrong item sent,2781.25
RET00290,ORD000141,2024-05-18,Wrong item sent,1247.68
RET00291,ORD005308,2024-12-23,Quality not as expected,4580.11
RET00292,ORD000510,2024-11-03,Customer changed mind,4033.46
RET00293,ORD004057,2023-09-16,Customer changed mind,932.72
RET00294,ORD003507,2024-11-03,Quality not as expected,3436.71
RET00295,ORD003005,2022-10-21,Quality not as expected,4562.44
RET00296,ORD003849,2022-04-29,Damaged product,4236.71
RET00297,ORD000794,2023-10-15,Customer changed mind,2521.59
RET00298,ORD004468,2023-01-08,Quality not as expected,266.74
RET00299,ORD003999,2024-12-19,Customer changed mind,4700.33
RET00300,ORD000627,2024-08-21,Customer changed mind,4681.03
RET00301,ORD009418,2024-11-25,Damaged product,4607.38
RET00302,ORD007776,2024-10-12,Damaged product,2355.81
RET00303,ORD002051,2024-02-23,Quality not as expected,170.42
RET00304,ORD008708,2023-05-10,Quality not as expected,2787.66
RET00305,ORD009360,2024-03-18,Customer changed mind,4969.71
RET00306,ORD005885,2023-11-14,Damaged product,1594.33
RET00307,ORD000117,2022-07-27,Quality not as expected,4835.89
RET00308,ORD002313,2024-09-07,Damaged product,4302.75
RET00309,ORD001143,2024-01-15,Damaged product,4801.26
RET00310,ORD005274,2022-07-16,Damaged product,2900.9
RET00311,ORD006011,2022-11-27,Customer changed mind,4267.97
RET00312,ORD005725,2024-08-12,Damaged product,405.03
RET00313,ORD009462,2023-05-20,Customer changed mind,1838.27
RET00314,ORD001283,2022-10-13,Damaged product,2165.01
RET00315,ORD009466,2023-11-23,Quality not as expected,4208.03
RET00316,ORD000851,2022-02-14,Late delivery,1587.52
RET00317,ORD005556,2022-06-26,Late delivery,3955.71
RET00318,ORD002586,2024-04-10,Damaged product,1521.29
RET00319,ORD007434,2024-01-17,Late delivery,2632.42
RET00320,ORD004691,2023-01-12,Customer changed mind,2968.08
RET00321,ORD001843,2022-08-10,Damaged product,1897.93
RET00322,ORD006848,2024-08-12,Quality not as expected,4611.4
RET00323,ORD003351,2023-06-16,Late delivery,2384.03
RET00324,ORD006587,2022-09-13,Damaged product,1089.69
RET00325,ORD008418,2022-12-07,Quality not as expected,4625.61
RET00326,ORD004420,2023-08-17,Customer changed mind,4949.66
RET00327,ORD007097,2023-05-14,Customer changed mind,4397.44
RET00328,ORD006380,2024-07-20,Quality not as expected,4297.88
RET00329,ORD000308,2022-07-18,Quality not as expected,1973.16
RET00330,ORD007601,2023-12-05,Quality not as expected,1570.42
RET00331,ORD003208,2023-03-11,Damaged product,1718.81
RET00332,ORD009207,2022-02-18,Customer changed mind,704.84
RET00333,ORD001192,2023-09-03,Customer changed mind,868.95
RET00334,ORD003342,2024-11-16,Quality not as expected,3358.9
RET00335,ORD001624,2022-12-13,Damaged product,4089.43
RET00336,ORD001023,2024-05-21,Damaged product,2736.3
RET00337,ORD008947,2022-12-03,Wrong item sent,1922.22
RET00338,ORD006974,2023-03-08,Quality not as expected,2502.21
RET00339,ORD006898,2023-10-08,Quality not as expected,3126.09
RET00340,ORD003025,2023-01-04,Damaged product,556.21
RET00341,ORD008742,2024-12-29,Damaged product,1267.82
RET00342,ORD006323,2022-10-04,Customer changed mind,2400.5
RET00343,ORD008799,2024-05-04,Damaged product,2316.09
RET00344,ORD001717,2023-11-16,Late delivery,1872.08
RET00345,ORD007252,2024-06-12,Quality not as expected,3705.31
RET00346,ORD001402,2023-06-15,Customer changed mind,4871.1
RET00347,ORD008355,2022-06-18,Quality not as expected,1188.21
RET00348,ORD005598,2024-07-02,Late delivery,4100.66
RET00349,ORD000536,2023-01-26,Wrong item sent,4323.3
RET00350,ORD005093,2022-01-03,Damaged product,520.51
RET00351,ORD004990,2022-11-06,Wrong item sent,2253.18
RET00352,ORD005385,2022-01-20,Wrong item sent,4019.13
RET00353,ORD001640,2023-01-07,Customer changed mind,4535.87
RET00354,ORD003034,2022-06-26,Late delivery,202.99
RET00355,ORD006834,2024-05-10,Damaged product,880.01
RET00356,ORD002360,2022-06-12,Wrong item sent,2522.59
RET00357,ORD001164,2024-11-02,Quality not as expected,4568.09
RET00358,ORD004560,2022-11-03,Late delivery,3042.65
RET00359,ORD008888,2023-12-07,Late delivery,1223.34
RET00360,ORD003302,2022-02-20,Quality not as expected,888.39
RET00361,ORD009034,2024-06-27,Late delivery,2643.07
RET00362,ORD000097,2024-04-29,Damaged product,2669.27
RET00363,ORD009432,2022-09-16,Late delivery,1862.96
RET00364,ORD003132,2022-07-21,Late delivery,3389.67
RET00365,ORD001465,2024-07-01,Damaged product,3510.04
RET00366,ORD003812,2022-12-04,Damaged product,335.1
RET00367,ORD008979,2024-05-29,Damaged product,2011.84
RET00368,ORD004161,2023-07-08,Quality not as expected,4306.94
RET00369,ORD002430,2024-08-09,Quality not as expected,227.28
RET00370,ORD002615,2022-10-18,Damaged product,1486.43
RET00371,ORD003598,2022-03-09,Wrong item sent,3627.35
RET00372,ORD008911,2024-09-26,Customer changed mind,3003.96
RET00373,ORD007039,2024-02-02,Wrong item sent,1053.14
RET00374,ORD008266,2024-07-27,Wrong item sent,4505.97
RET00375,ORD000153,2023-02-20,Wrong item sent,3385.27
RET00376,ORD008225,2024-10-17,Wrong item sent,3472.53
RET00377,ORD001224,2022-12-31,Customer changed mind,2098.54
RET00378,ORD007446,2024-10-06,Late delivery,1067.9
RET00379,ORD004362,2023-02-05,Damaged product,1296.9
RET00380,ORD004021,2022-02-05,Damaged product,2000.36
RET00381,ORD007397,2024-12-25,Quality not as expected,3098.85
RET00382,ORD001644,2024-09-30,Wrong item sent,4764.25
RET00383,ORD004655,2024-09-13,Customer changed mind,4842.09
RET00384,ORD008970,2022-07-12,Customer changed mind,1095.88
RET00385,ORD001242,2024-05-19,Damaged product,3071.19
RET00386,ORD007569,2023-02-12,Damaged product,852.1
RET00387,ORD001151,2023-07-18,Wrong item sent,1225.44
RET00388,ORD005605,2022-02-14,Wrong item sent,3918.8
RET00389,ORD005612,2023-11-10,Damaged product,2303.82
RET00390,ORD006850,2024-02-11,Damaged product,1255.34
RET00391,ORD000781,2023-08-19,Damaged product,2995.78
RET00392,ORD006725,2023-11-01,Customer changed mind,732.68
RET00393,ORD000713,2022-11-04,Damaged product,1043.92
RET00394,ORD004914,2024-12-19,Late delivery,1994.88
RET00395,ORD006112,2024-01-19,Customer changed mind,4149.56
RET00396,ORD006579,2024-08-03,Damaged product,4052.6
RET00397,ORD001228,2022-10-10,Quality not as expected,2859.88
RET00398,ORD006452,2024-06-01,Customer changed mind,1553.96
RET00399,ORD006813,2022-06-03,Damaged product,4044.66
RET00400,ORD009445,2022-11-20,Customer changed mind,3541.87
RET00401,ORD005464,2023-08-27,Wrong item sent,4145.02
RET00402,ORD002506,2023-01-03,Damaged product,1150.33
RET00403,ORD008734,2022-12-05,Late delivery,4586.13
RET00404,ORD006650,2024-08-16,Quality not as expected,3026.09
RET00405,ORD003076,2023-08-25,Customer changed mind,2187.78
RET00406,ORD002575,2024-02-19,Late delivery,4658.09
RET00407,ORD002467,2024-11-21,Damaged product,3245.64
RET00408,ORD006953,2024-08-19,Late delivery,4758.74
RET00409,ORD000457,2023-11-01,Customer changed mind,3779.07
RET00410,ORD003019,2024-03-28,Late delivery,4346.85
RET00411,ORD001935,2023-10-01,Late delivery,4552.12
RET00412,ORD007258,2023-12-19,Wrong item sent,3422.79
RET00413,ORD002085,2023-11-02,Quality not as expected,3387.94
RET00414,ORD004281,2023-08-22,Wrong item sent,3706.99
RET00415,ORD006082,2024-04-20,Quality not as expected,3075.89
RET00416,ORD006087,2023-06-19,Late delivery,4242.27
RET00417,ORD005256,2023-05-22,Late delivery,2345.92
RET00418,ORD007226,2024-05-17,Damaged product,4843.14
RET00419,ORD000531,2022-06-04,Damaged product,3021.76
RET00420,ORD005853,2023-03-17,Late delivery,1536.86
RET00421,ORD005500,2022-11-07,Late delivery,3531.92
RET00422,ORD006594,2023-05-26,Customer changed mind,202.46
RET00423,ORD004794,2022-08-08,Late delivery,4782.93
RET00424,ORD004666,2023-05-23,Customer changed mind,4852.52
RET00425,ORD007861,2023-02-18,Damaged product,3497.59
RET00426,ORD001358,2024-11-15,Customer changed mind,2852.34
RET00427,ORD007269,2022-06-14,Quality not as expected,3483.11
RET00428,ORD000415,2022-10-24,Customer changed mind,4083.99
RET00429,ORD007303,2023-04-09,Damaged product,1861.49
RET00430,ORD002401,2023-10-29,Wrong item sent,2503.85
RET00431,ORD000605,2024-12-06,Customer changed mind,2169.5
RET00432,ORD005201,2022-12-25,Quality not as expected,2155.64
RET00433,ORD004796,2023-12-23,Late delivery,447.07
RET00434,ORD004664,2022-02-12,Wrong item sent,4113.2
RET00435,ORD001880,2022-03-13,Late delivery,4673.07
RET00436,ORD005986,2022-12-19,Customer changed mind,4607.26
RET00437,ORD005184,2024-11-14,Wrong item sent,561.26
RET00438,ORD005766,2023-05-15,Damaged product,2055.57
RET00439,ORD001167,2022-06-28,Customer changed mind,3004.43
RET00440,ORD008548,2023-05-26,Damaged product,3678.57
RET00441,ORD008695,2024-10-20,Customer changed mind,1063.39
RET00442,ORD000048,2024-03-21,Quality not as expected,1194.67
RET00443,ORD008545,2022-10-25,Damaged product,2061.08
RET00444,ORD008379,2024-06-16,Late delivery,2671.77
RET00445,ORD007208,2023-03-25,Late delivery,2095.44
RET00446,ORD000368,2023-09-16,Damaged product,2892.65
RET00447,ORD001713,2022-05-15,Customer changed mind,2993.87
RET00448,ORD002857,2024-10-21,Customer changed mind,4592.49
RET00449,ORD004521,2024-08-05,Wrong item sent,2482.45
RET00450,ORD007551,2023-10-08,Quality not as expected,3734.78
RET00451,ORD007457,2023-01-23,Quality not as expected,2290.12
RET00452,ORD007260,2022-12-23,Late delivery,867.12
RET00453,ORD001988,2022-02-08,Late delivery,3119.09
RET00454,ORD007881,2024-09-27,Wrong item sent,1132.25
RET00455,ORD008421,2023-04-17,Damaged product,3044.61
RET00456,ORD002711,2023-12-15,Wrong item sent,2917.19
RET00457,ORD007217,2023-05-16,Wrong item sent,2963.5
RET00458,ORD005104,2023-01-16,Wrong item sent,4635.97
RET00459,ORD001309,2022-08-21,Wrong item sent,1415.06
RET00460,ORD003419,2024-04-30,Late delivery,1733.49
RET00461,ORD005684,2022-04-01,Damaged product,4442.91
RET00462,ORD001247,2022-02-26,Wrong item sent,2458.22
RET00463,ORD003521,2023-01-19,Wrong item sent,2292.74
RET00464,ORD000098,2023-12-22,Late delivery,4065.32
RET00465,ORD009014,2022-11-09,Customer changed mind,4315.3
RET00466,ORD002647,2024-03-29,Quality not as expected,2614.71
RET00467,ORD005729,2023-10-30,Damaged product,1068.96
RET00468,ORD000678,2024-12-21,Wrong item sent,1266.91
RET00469,ORD000184,2024-09-29,Customer changed mind,4678.53
RET00470,ORD007558,2023-12-08,Wrong item sent,4617.29
RET00471,ORD001385,2022-05-19,Customer changed mind,2240.63
RET00472,ORD001866,2022-08-30,Damaged product,4754.06
RET00473,ORD000898,2022-05-18,Late delivery,4958.66
RET00474,ORD003519,2023-06-19,Late delivery,1662.03
RET00475,ORD008275,2022-08-17,Customer changed mind,686.4
RET00476,ORD000406,2022-07-19,Customer changed mind,681.3
RET00477,ORD002377,2023-11-22,Wrong item sent,413.08
RET00478,ORD001853,2024-12-26,Late delivery,2813.53
RET00479,ORD003762,2022-07-06,Customer changed mind,1211.94
RET00480,ORD000175,2023-03-18,Quality not as expected,2955.96
RET00481,ORD003946,2023-08-10,Late delivery,4471.84
RET00482,ORD008602,2022-11-29,Wrong item sent,4909.1
RET00483,ORD004149,2022-08-21,Customer changed mind,3351.27
RET00484,ORD003071,2022-08-15,Wrong item sent,2976.76
RET00485,ORD002215,2022-03-16,Wrong item sent,1147.67
RET00486,ORD002025,2023-01-05,Customer changed mind,949.33
RET00487,ORD005208,2024-09-11,Quality not as expected,2711.96
RET00488,ORD000252,2023-07-17,Late delivery,1448.98
RET00489,ORD002971,2022-03-20,Late delivery,2364.29
RET00490,ORD008047,2023-11-28,Customer changed mind,2433.94
RET00491,ORD005414,2022-10-19,Wrong item sent,4354.42
RET00492,ORD006360,2024-10-17,Wrong item sent,1695.99
RET00493,ORD000197,2023-02-06,Wrong item sent,3699.52
RET00494,ORD005542,2023-04-25,Quality not as expected,1898.96
RET00495,ORD002442,2022-01-05,Customer changed mind,4886.75
RET00496,ORD005112,2023-09-30,Late delivery,4152.73
RET00497,ORD004620,2023-05-14,Wrong item sent,373.94
RET00498,ORD004947,2024-09-06,Late delivery,297.41
RET00499,ORD000321,2023-07-03,Quality not as expected,2423.71
RET00500,ORD002061,2023-11-20,Late delivery,2533.2
RET00501,ORD001165,2023-05-08,Late delivery,3153.47
RET00502,ORD005397,2024-11-22,Late delivery,2890.05
RET00503,ORD003156,2023-11-08,Customer changed mind,3357.05
RET00504,ORD002322,2024-04-17,Damaged product,4902.8
RET00505,ORD001377,2022-08-22,Customer changed mind,3053.15
RET00506,ORD008348,2022-05-11,Late delivery,2001.99
RET00507,ORD000900,2022-10-12,Customer changed mind,3059.6
RET00508,ORD004259,2024-10-04,Late delivery,437.15
RET00509,ORD003905,2024-01-29,Customer changed mind,2356.56
RET00510,ORD004880,2023-12-17,Damaged product,1834.45
RET00511,ORD006554,2022-04-22,Wrong item sent,1856.22
RET00512,ORD002104,2024-08-09,Damaged product,3011.44
RET00513,ORD000474,2022-02-08,Damaged product,4960.15
RET00514,ORD002710,2022-09-14,Wrong item sent,3749.6
RET00515,ORD005665,2023-03-16,Damaged product,3117.56
RET00516,ORD000600,2024-10-08,Customer changed mind,3358.74
RET00517,ORD003594,2022-06-21,Quality not as expected,2284.03
RET00518,ORD000673,2024-03-08,Wrong item sent,3142.92
RET00519,ORD000974,2022-10-28,Customer changed mind,4901.41
RET00520,ORD009258,2022-06-14,Quality not as expected,3208.57
RET00521,ORD006742,2023-03-05,Customer changed mind,4031.16
RET00522,ORD003520,2023-09-11,Damaged product,778.0
RET00523,ORD007151,2023-07-29,Damaged product,866.3
RET00524,ORD007822,2024-01-05,Customer changed mind,4079.65
RET00525,ORD003243,2022-09-07,Damaged product,3154.65
RET00526,ORD002673,2022-01-30,Quality not as expected,3724.84
RET00527,ORD005363,2022-11-21,Damaged product,2359.11
RET00528,ORD004911,2022-07-18,Late delivery,4190.48
RET00529,ORD006983,2022-08-26,Customer changed mind,1817.71
RET00530,ORD006773,2022-06-04,Damaged product,1065.69
RET00531,ORD002213,2024-09-21,Wrong item sent,2368.97
RET00532,ORD005753,2024-06-09,Quality not as expected,3437.03
RET00533,ORD004064,2022-05-03,Customer changed mind,3052.76
RET00534,ORD006712,2024-09-13,Wrong item sent,4884.63
RET00535,ORD002060,2024-11-16,Customer changed mind,339.72
RET00536,ORD001908,2022-10-25,Late delivery,2843.21
RET00537,ORD002769,2024-07-31,Customer changed mind,1969.02
RET00538,ORD000221,2022-12-23,Damaged product,1595.88
RET00539,ORD001326,2022-12-23,Quality not as expected,3205.85
RET00540,ORD002110,2024-12-08,Quality not as expected,3869.72
RET00541,ORD000154,2023-03-18,Damaged product,3531.52
RET00542,ORD008582,2023-08-25,Late delivery,4862.51
RET00543,ORD007107,2024-06-05,Damaged product,4716.53
RET00544,ORD004753,2024-09-19,Damaged product,3772.69
RET00545,ORD004086,2022-11-12,Late delivery,4668.56
RET00546,ORD003629,2024-05-02,Late delivery,3809.99
RET00547,ORD007111,2023-02-19,Customer changed mind,4169.39
RET00548,ORD002267,2023-08-29,Late delivery,2682.18
RET00549,ORD007949,2023-09-02,Damaged product,4158.42
RET00550,ORD003007,2024-03-03,Wrong item sent,4999.08
RET00551,ORD000508,2023-08-26,Late delivery,4232.04
RET00552,ORD008956,2024-12-20,Wrong item sent,4082.8
RET00553,ORD005924,2024-04-29,Customer changed mind,3954.81
RET00554,ORD000979,2022-05-29,Late delivery,2345.67
RET00555,ORD006111,2024-11-17,Customer changed mind,2006.79
RET00556,ORD006297,2022-08-24,Quality not as expected,4532.96
RET00557,ORD005320,2022-09-30,Wrong item sent,1182.21
RET00558,ORD007709,2022-11-11,Quality not as expected,4815.04
RET00559,ORD000394,2022-03-30,Wrong item sent,248.04
RET00560,ORD004332,2022-03-06,Wrong item sent,3497.29
RET00561,ORD004817,2024-10-02,Late delivery,3689.17
RET00562,ORD006573,2023-11-22,Quality not as expected,1338.03
RET00563,ORD004385,2022-12-13,Late delivery,3182.17
RET00564,ORD003768,2023-08-18,Damaged product,1729.63
RET00565,ORD007816,2023-06-03,Quality not as expected,2208.49
RET00566,ORD006677,2023-11-12,Damaged product,2473.81
RET00567,ORD000047,2023-09-30,Late delivery,4924.55
RET00568,ORD006756,2022-01-13,Damaged product,3694.61
RET00569,ORD007072,2024-06-21,Damaged product,1575.96
RET00570,ORD007324,2023-03-24,Damaged product,324.75
RET00571,ORD002848,2023-12-08,Customer changed mind,629.92
RET00572,ORD004697,2024-06-07,Wrong item sent,1765.15
RET00573,ORD006394,2024-01-15,Damaged product,1245.26
RET00574,ORD003959,2022-06-18,Quality not as expected,249.62
RET00575,ORD008848,2022-01-18,Customer changed mind,3642.07
RET00576,ORD005131,2023-10-17,Wrong item sent,1153.07
RET00577,ORD002239,2022-04-28,Customer changed mind,484.13
RET00578,ORD003050,2024-04-14,Customer changed mind,736.83
RET00579,ORD006888,2022-02-28,Quality not as expected,4802.25
RET00580,ORD006108,2023-09-20,Wrong item sent,921.23
RET00581,ORD001440,2023-07-15,Damaged product,2548.95
RET00582,ORD007684,2024-11-07,Late delivery,3640.11
RET00583,ORD004766,2023-09-08,Customer changed mind,266.99
RET00584,ORD001807,2023-01-24,Wrong item sent,1097.1
RET00585,ORD004936,2023-08-14,Quality not as expected,570.39
RET00586,ORD000234,2024-01-05,Damaged product,104.91
RET00587,ORD007537,2022-01-21,Late delivery,2868.03
RET00588,ORD009195,2023-05-07,Wrong item sent,2934.39
RET00589,ORD002645,2022-01-10,Damaged product,3476.1
RET00590,ORD000157,2024-08-19,Late delivery,1929.06
RET00591,ORD000099,2024-12-13,Late delivery,3400.83
RET00592,ORD001768,2024-08-25,Wrong item sent,1472.38
RET00593,ORD008631,2022-07-12,Customer changed mind,1830.93
RET00594,ORD008482,2022-11-22,Late delivery,1529.8
RET00595,ORD008618,2023-10-02,Customer changed mind,3286.51
RET00596,ORD006171,2023-09-05,Damaged product,3323.99
RET00597,ORD008338,2023-02-24,Quality not as expected,3449.77
RET00598,ORD000925,2023-12-02,Damaged product,3453.64
RET00599,ORD002523,2023-12-17,Late delivery,3188.73
RET00600,ORD003384,2024-11-25,Customer changed mind,1209.73
RET00601,ORD002127,2022-11-14,Late delivery,2843.64
RET00602,ORD008427,2022-01-09,Customer changed mind,1811.57
RET00603,ORD004804,2023-06-03,Damaged product,437.73
RET00604,ORD006957,2023-02-12,Damaged product,4995.73
RET00605,ORD001413,2024-07-28,Damaged product,1008.58
RET00606,ORD005267,2022-05-01,Quality not as expected,2804.75
RET00607,ORD004052,2023-08-28,Quality not as expected,1713.16
RET00608,ORD005662,2022-10-03,Quality not as expected,813.64
RET00609,ORD003533,2024-12-26,Quality not as expected,3000.06
RET00610,ORD007291,2023-01-29,Wrong item sent,1874.62
RET00611,ORD002370,2022-08-21,Customer changed mind,4563.85
RET00612,ORD003207,2022-12-28,Wrong item sent,3198.94
RET00613,ORD009453,2022-05-17,Wrong item sent,230.95
RET00614,ORD000398,2023-08-19,Quality not as expected,1995.3
RET00615,ORD003744,2023-10-14,Quality not as expected,2054.56
RET00616,ORD007239,2024-12-29,Customer changed mind,3741.2
RET00617,ORD002895,2023-07-04,Customer changed mind,979.69
RET00618,ORD006499,2022-03-28,Quality not as expected,1494.5
RET00619,ORD008272,2024-08-29,Late delivery,205.97
RET00620,ORD008800,2023-05-27,Customer changed mind,1327.49
RET00621,ORD003409,2023-08-02,Quality not as expected,2291.2
RET00622,ORD006695,2022-10-01,Damaged product,773.26
RET00623,ORD001324,2023-03-13,Wrong item sent,1624.53
RET00624,ORD000487,2022-09-22,Damaged product,1299.32
RET00625,ORD008462,2022-07-14,Wrong item sent,803.84
RET00626,ORD005240,2024-07-16,Late delivery,165.19
RET00627,ORD005920,2023-12-12,Quality not as expected,1291.54
RET00628,ORD001542,2022-07-04,Wrong item sent,1149.08
RET00629,ORD006672,2023-09-10,Damaged product,4552.12
RET00630,ORD006916,2023-02-18,Late delivery,4548.77
RET00631,ORD003621,2022-05-17,Damaged product,4682.82
RET00632,ORD007686,2022-11-05,Customer changed mind,4404.27
RET00633,ORD004544,2024-03-25,Wrong item sent,3854.93
RET00634,ORD001017,2022-12-03,Damaged product,2835.78
RET00635,ORD000440,2023-12-05,Damaged product,914.03
RET00636,ORD006369,2022-08-08,Quality not as expected,2100.47
RET00637,ORD004957,2024-08-13,Wrong item sent,863.12
RET00638,ORD004111,2022-08-15,Quality not as expected,2391.09
RET00639,ORD001486,2024-07-15,Damaged product,411.35
RET00640,ORD001543,2024-02-06,Late delivery,3476.9
RET00641,ORD008400,2022-05-27,Damaged product,1542.47
RET00642,ORD007879,2022-03-26,Damaged product,1669.5
RET00643,ORD008409,2022-06-29,Damaged product,2993.79
RET00644,ORD003136,2022-05-08,Customer changed mind,2549.46
RET00645,ORD000496,2024-12-07,Late delivery,3017.04
RET00646,ORD007965,2022-01-01,Late delivery,3362.99
RET00647,ORD001554,2024-09-01,Customer changed mind,4496.08
RET00648,ORD009060,2024-05-05,Customer changed mind,117.94
RET00649,ORD008543,2023-01-20,Late delivery,233.81
RET00650,ORD000690,2024-03-11,Damaged product,591.74
RET00651,ORD002354,2023-04-23,Late delivery,4659.9
RET00652,ORD003880,2022-02-13,Customer changed mind,3486.28
RET00653,ORD003834,2024-11-19,Customer changed mind,2285.84
RET00654,ORD000835,2022-07-28,Quality not as expected,2585.31
RET00655,ORD004195,2023-05-10,Late delivery,401.95
RET00656,ORD004745,2022-08-27,Damaged product,1382.34
RET00657,ORD003333,2022-05-13,Customer changed mind,2723.51
RET00658,ORD004891,2022-11-21,Late delivery,262.36
RET00659,ORD008945,2023-06-26,Customer changed mind,4275.52
RET00660,ORD003319,2024-11-07,Damaged product,2494.06
RET00661,ORD009231,2024-09-06,Wrong item sent,4549.82
RET00662,ORD005099,2024-02-29,Quality not as expected,3745.44
RET00663,ORD006085,2022-03-12,Wrong item sent,3265.44
RET00664,ORD003119,2022-01-04,Quality not as expected,4867.02
RET00665,ORD005769,2022-09-04,Wrong item sent,1189.05
RET00666,ORD004634,2024-08-23,Quality not as expected,2610.12
RET00667,ORD008403,2022-10-30,Damaged product,1351.63
RET00668,ORD009008,2022-11-01,Late delivery,2525.99
RET00669,ORD009328,2024-05-17,Wrong item sent,4264.85
RET00670,ORD005838,2023-01-15,Wrong item sent,4612.42
RET00671,ORD000551,2022-03-13,Quality not as expected,2620.56
RET00672,ORD006827,2024-06-07,Damaged product,2109.53
RET00673,ORD004040,2024-12-06,Quality not as expected,292.38
RET00674,ORD004228,2022-04-10,Quality not as expected,4820.85
RET00675,ORD004899,2022-10-16,Late delivery,526.12
RET00676,ORD001475,2024-10-03,Wrong item sent,4023.57
RET00677,ORD002171,2024-05-08,Customer changed mind,2676.72
RET00678,ORD008689,2022-01-22,Quality not as expected,1068.44
RET00679,ORD002457,2024-04-24,Quality not as expected,3766.41
RET00680,ORD005841,2022-10-08,Customer changed mind,1334.8
RET00681,ORD006875,2024-05-08,Late delivery,3472.48
RET00682,ORD007157,2024-01-01,Quality not as expected,4525.19
RET00683,ORD002112,2023-08-16,Damaged product,4487.5
RET00684,ORD005089,2024-01-09,Late delivery,4903.04
RET00685,ORD006903,2022-11-05,Quality not as expected,3395.14
RET00686,ORD001646,2024-11-18,Wrong item sent,4070.51
RET00687,ORD002988,2024-10-20,Wrong item sent,1192.95
RET00688,ORD004097,2024-08-06,Late delivery,970.77
RET00689,ORD001806,2023-07-18,Quality not as expected,2423.09
RET00690,ORD007991,2023-01-15,Quality not as expected,321.69
RET00691,ORD007322,2022-02-15,Customer changed mind,325.7
RET00692,ORD006298,2023-01-23,Late delivery,4152.08
RET00693,ORD003949,2022-03-25,Wrong item sent,4018.77
RET00694,ORD004265,2023-01-30,Damaged product,1699.02
RET00695,ORD005645,2023-10-07,Late delivery,2389.96
RET00696,ORD008784,2023-03-24,Customer changed mind,1258.57
RET00697,ORD006529,2024-10-26,Late delivery,2459.78
RET00698,ORD005150,2023-09-01,Late delivery,862.77
RET00699,ORD002045,2023-11-03,Damaged product,2757.3
RET00700,ORD009478,2022-11-12,Quality not as expected,3153.33
RET00701,ORD002207,2023-01-26,Quality not as expected,4145.34
RET00702,ORD009108,2022-06-17,Late delivery,3772.97
RET00703,ORD007332,2023-03-17,Customer changed mind,2170.72
RET00704,ORD006420,2022-07-24,Late delivery,1656.42
RET00705,ORD002668,2022-09-03,Late delivery,2693.21
RET00706,ORD005749,2022-12-30,Late delivery,4008.25
RET00707,ORD005001,2023-05-21,Damaged product,1994.28
RET00708,ORD000004,2023-05-23,Late delivery,3512.12
RET00709,ORD007358,2022-05-08,Quality not as expected,4417.07
RET00710,ORD003505,2023-01-06,Late delivery,1354.79
RET00711,ORD003042,2023-04-21,Quality not as expected,1789.38
RET00712,ORD005278,2023-12-17,Damaged product,816.99
RET00713,ORD000548,2023-02-11,Quality not as expected,790.01
RET00714,ORD000582,2023-11-10,Wrong item sent,2120.09
RET00715,ORD002968,2022-02-16,Wrong item sent,565.35
RET00716,ORD002040,2024-09-02,Wrong item sent,4626.25
RET00717,ORD007817,2024-10-22,Customer changed mind,2716.53
RET00718,ORD003421,2023-09-08,Quality not as expected,4640.83
RET00719,ORD006613,2024-05-30,Wrong item sent,4285.0
RET00720,ORD003388,2022-02-15,Wrong item sent,755.82
RET00721,ORD007219,2024-02-18,Late delivery,4362.39
RET00722,ORD003209,2023-08-11,Late delivery,638.64
RET00723,ORD001222,2023-06-07,Quality not as expected,3610.34
RET00724,ORD004443,2023-07-25,Customer changed mind,1759.05
RET00725,ORD002212,2023-10-17,Customer changed mind,4739.02
RET00726,ORD005128,2024-12-21,Customer changed mind,4393.37
RET00727,ORD002039,2024-05-20,Quality not as expected,2603.11
RET00728,ORD004169,2023-09-30,Wrong item sent,1907.48
RET00729,ORD005326,2024-12-31,Wrong item sent,515.02
RET00730,ORD002927,2022-12-02,Late delivery,263.69
RET00731,ORD007093,2022-10-22,Wrong item sent,360.59
RET00732,ORD009332,2023-11-08,Damaged product,870.31
RET00733,ORD002521,2024-02-08,Damaged product,1838.51
RET00734,ORD007842,2024-07-16,Customer changed mind,1400.54
RET00735,ORD006810,2023-01-08,Quality not as expected,984.15
RET00736,ORD002437,2023-06-29,Quality not as expected,3164.43
RET00737,ORD006833,2024-03-28,Late delivery,1981.57
RET00738,ORD006890,2022-07-12,Customer changed mind,2268.45
RET00739,ORD003433,2023-08-10,Quality not as expected,1087.73
RET00740,ORD004869,2024-03-29,Wrong item sent,4022.22
RET00741,ORD008187,2023-04-23,Customer changed mind,2351.27
RET00742,ORD000289,2022-06-01,Quality not as expected,1300.02
RET00743,ORD009128,2023-10-25,Customer changed mind,1246.58
RET00744,ORD004273,2024-02-03,Customer changed mind,974.59
RET00745,ORD007989,2022-03-07,Customer changed mind,1118.17
RET00746,ORD003298,2023-03-20,Customer changed mind,1809.48
RET00747,ORD000092,2023-08-01,Customer changed mind,3866.25
RET00748,ORD002488,2023-07-19,Customer changed mind,1160.42
RET00749,ORD004953,2023-09-04,Wrong item sent,1066.77
RET00750,ORD008751,2024-01-06,Quality not as expected,4238.74
RET00751,ORD006830,2023-03-20,Damaged product,1622.38
RET00752,ORD000959,2024-11-29,Wrong item sent,4772.99
RET00753,ORD001746,2023-12-08,Quality not as expected,4320.58
RET00754,ORD002252,2023-08-23,Customer changed mind,3364.37
RET00755,ORD008847,2022-06-11,Wrong item sent,2718.23
RET00756,ORD005779,2024-08-22,Customer changed mind,1364.7
RET00757,ORD004512,2022-01-13,Wrong item sent,898.59
RET00758,ORD005762,2023-09-16,Late delivery,4206.1
RET00759,ORD007112,2022-03-13,Late delivery,1034.24
RET00760,ORD007848,2024-06-01,Quality not as expected,4576.27
RET00761,ORD000336,2024-04-28,Customer changed mind,1485.87
RET00762,ORD002878,2024-06-23,Quality not as expected,2767.8
RET00763,ORD006175,2022-04-02,Quality not as expected,2819.55
RET00764,ORD003361,2022-10-13,Wrong item sent,854.05
RET00765,ORD001211,2024-09-20,Damaged product,4960.73
RET00766,ORD003695,2023-06-15,Damaged product,339.06
RET00767,ORD004393,2024-03-14,Wrong item sent,2013.27
RET00768,ORD004126,2024-07-31,Quality not as expected,3858.64
RET00769,ORD001234,2022-08-03,Customer changed mind,603.68
RET00770,ORD003309,2024-11-26,Damaged product,2050.28
RET00771,ORD006048,2023-02-02,Quality not as expected,4057.46
RET00772,ORD003278,2023-09-30,Wrong item sent,4949.49
RET00773,ORD003189,2023-06-06,Customer changed mind,2350.07
RET00774,ORD005548,2024-09-08,Quality not as expected,1932.57
RET00775,ORD008263,2022-03-27,Quality not as expected,3949.68
RET00776,ORD009295,2022-08-17,Quality not as expected,1382.97
RET00777,ORD006555,2024-10-19,Customer changed mind,4785.97
RET00778,ORD007578,2022-04-04,Wrong item sent,2442.95
RET00779,ORD004558,2024-10-17,Late delivery,1830.87
RET00780,ORD008247,2023-06-07,Damaged product,4427.63
RET00781,ORD002787,2022-12-04,Wrong item sent,4539.96
RET00782,ORD004778,2024-01-15,Customer changed mind,1392.66
RET00783,ORD001138,2022-10-06,Late delivery,4548.07
RET00784,ORD002428,2023-07-29,Quality not as expected,1371.54
RET00785,ORD002963,2023-02-01,Late delivery,583.4
RET00786,ORD000552,2023-07-19,Late delivery,4460.35
RET00787,ORD005748,2023-10-30,Damaged product,3834.15
RET00788,ORD007843,2023-09-25,Quality not as expected,1538.46
RET00789,ORD001207,2023-06-18,Damaged product,2867.73
RET00790,ORD004819,2024-12-02,Customer changed mind,161.74
RET00791,ORD009032,2022-01-18,Wrong item sent,557.28
RET00792,ORD000926,2023-08-01,Damaged product,498.17
RET00793,ORD000155,2024-07-13,Quality not as expected,823.13
RET00794,ORD003682,2022-02-20,Quality not as expected,3450.74
RET00795,ORD001943,2022-05-07,Customer changed mind,4689.39
RET00796,ORD004864,2022-11-13,Quality not as expected,3152.62
RET00797,ORD008749,2023-03-19,Late delivery,1886.72
RET00798,ORD009302,2023-08-20,Wrong item sent,1330.77
RET00799,ORD006566,2024-10-25,Wrong item sent,2611.57
RET00800,ORD008065,2022-08-22,Late delivery,740.95
RET00801,ORD003464,2024-01-06,Late delivery,4702.0
RET00802,ORD009088,2023-02-10,Wrong item sent,724.08
RET00803,ORD007298,2022-11-29,Damaged product,443.84
RET00804,ORD000180,2022-01-31,Damaged product,3047.36
RET00805,ORD001375,2024-08-29,Wrong item sent,2719.36
RET00806,ORD002315,2022-10-17,Quality not as expected,4835.43
RET00807,ORD009460,2024-01-23,Wrong item sent,3203.68
RET00808,ORD003723,2024-06-09,Late delivery,1553.98
RET00809,ORD004927,2024-08-19,Damaged product,2160.67
RET00810,ORD004072,2022-11-01,Customer changed mind,1772.72
RET00811,ORD000392,2024-09-16,Quality not as expected,1289.04
RET00812,ORD006599,2022-04-25,Quality not as expected,3399.91
RET00813,ORD002432,2022-07-26,Customer changed mind,3522.91
RET00814,ORD006846,2023-10-24,Wrong item sent,2070.3
RET00815,ORD009062,2024-03-28,Late delivery,2076.5
RET00816,ORD004903,2022-05-27,Damaged product,4253.15
RET00817,ORD008793,2022-09-10,Customer changed mind,661.01
RET00818,ORD000297,2024-02-29,Late delivery,4496.09
RET00819,ORD005466,2022-06-16,Damaged product,4448.6
RET00820,ORD001162,2023-02-21,Quality not as expected,942.58
RET00821,ORD003977,2022-02-01,Late delivery,4086.52
RET00822,ORD000356,2023-03-09,Damaged product,1595.14
RET00823,ORD000029,2024-05-19,Customer changed mind,4836.41
RET00824,ORD003692,2022-05-03,Late delivery,3666.62
RET00825,ORD008438,2022-04-06,Wrong item sent,2026.61
RET00826,ORD007262,2022-12-24,Quality not as expected,3259.61
RET00827,ORD001293,2024-08-20,Damaged product,4784.64
RET00828,ORD003006,2022-04-29,Customer changed mind,1735.83
RET00829,ORD000477,2023-01-19,Customer changed mind,3888.13
RET00830,ORD006945,2022-11-28,Wrong item sent,4143.3
RET00831,ORD008127,2023-02-15,Customer changed mind,4175.75
RET00832,ORD006157,2023-04-28,Damaged product,4603.4
RET00833,ORD009406,2022-05-15,Damaged product,3809.49
RET00834,ORD008620,2024-12-20,Customer changed mind,3666.1
RET00835,ORD004622,2023-05-29,Wrong item sent,4167.45
RET00836,ORD006480,2023-12-30,Customer changed mind,3803.68
RET00837,ORD008962,2023-12-13,Wrong item sent,1253.07
RET00838,ORD003510,2022-12-01,Customer changed mind,3708.18
RET00839,ORD005972,2023-12-23,Quality not as expected,2487.71
RET00840,ORD002328,2023-06-28,Late delivery,338.96
RET00841,ORD007302,2022-08-28,Quality not as expected,4304.78
RET00842,ORD007402,2022-07-03,Damaged product,900.57
RET00843,ORD007777,2024-07-03,Quality not as expected,3928.46
RET00844,ORD003916,2024-04-13,Quality not as expected,4502.58
RET00845,ORD001983,2023-09-06,Late delivery,4594.22
RET00846,ORD007346,2022-05-24,Wrong item sent,1783.5
RET00847,ORD007531,2022-10-05,Damaged product,2012.41
RET00848,ORD008287,2024-12-11,Damaged product,4305.94
RET00849,ORD005726,2022-04-14,Quality not as expected,836.67
RET00850,ORD007632,2022-02-18,Customer changed mind,370.36
RET00851,ORD006741,2024-12-20,Damaged product,304.72
RET00852,ORD007419,2023-10-24,Wrong item sent,2268.9
RET00853,ORD008552,2024-07-18,Customer changed mind,1879.44
RET00854,ORD007851,2024-03-26,Customer changed mind,1945.78
RET00855,ORD005344,2024-08-25,Late delivery,1265.63
RET00856,ORD000240,2023-08-29,Quality not as expected,1461.75
RET00857,ORD000249,2022-03-15,Damaged product,3330.92
RET00858,ORD008112,2024-05-22,Quality not as expected,2531.38
RET00859,ORD000005,2024-02-21,Late delivery,2839.84
RET00860,ORD003870,2022-07-28,Damaged product,1145.42
RET00861,ORD002159,2022-07-14,Damaged product,3711.71
RET00862,ORD004571,2022-10-08,Late delivery,1832.62
RET00863,ORD003940,2024-04-25,Late delivery,3599.93
RET00864,ORD001525,2024-02-18,Late delivery,1936.65
RET00865,ORD002598,2024-02-01,Wrong item sent,3983.14
RET00866,ORD000374,2024-06-11,Quality not as expected,2913.58
RET00867,ORD008933,2024-09-25,Damaged product,2325.76
RET00868,ORD004059,2022-10-28,Quality not as expected,3976.59
RET00869,ORD007048,2022-05-26,Wrong item sent,4812.12
RET00870,ORD005876,2024-06-16,Quality not as expected,4908.18
RET00871,ORD003879,2022-07-19,Damaged product,1441.61
RET00872,ORD002185,2023-05-21,Quality not as expected,4023.55
RET00873,ORD001093,2023-03-15,Wrong item sent,4124.14
RET00874,ORD008267,2022-02-13,Quality not as expected,3603.95
RET00875,ORD008203,2024-07-28,Damaged product,4040.57
RET00876,ORD000100,2024-05-13,Customer changed mind,2274.78
RET00877,ORD004415,2023-06-03,Damaged product,3111.76
RET00878,ORD003366,2023-04-06,Wrong item sent,821.57
RET00879,ORD007133,2023-04-15,Wrong item sent,3480.27
RET00880,ORD008927,2023-06-06,Wrong item sent,3749.97
RET00881,ORD000059,2023-10-28,Late delivery,2588.91
RET00882,ORD002422,2022-10-21,Customer changed mind,3659.44
RET00883,ORD000553,2022-03-07,Wrong item sent,3660.24
RET00884,ORD009200,2023-03-01,Damaged product,3544.5
RET00885,ORD005218,2024-08-26,Late delivery,2045.0
RET00886,ORD000585,2024-09-13,Late delivery,3005.67
RET00887,ORD001879,2022-01-30,Damaged product,3051.51
RET00888,ORD008424,2022-03-16,Customer changed mind,3946.16
RET00889,ORD008605,2022-08-08,Wrong item sent,2533.82
RET00890,ORD007471,2024-02-18,Late delivery,928.94
RET00891,ORD006849,2024-01-22,Wrong item sent,4367.5
RET00892,ORD000963,2023-10-08,Late delivery,482.39
RET00893,ORD009059,2022-03-17,Late delivery,2276.51
RET00894,ORD007415,2024-05-31,Damaged product,2724.92
RET00895,ORD004729,2022-03-21,Wrong item sent,2277.38
RET00896,ORD003609,2023-12-21,Damaged product,664.59
RET00897,ORD000922,2022-12-16,Quality not as expected,4460.0
RET00898,ORD001662,2022-06-22,Damaged product,4560.63
RET00899,ORD008448,2024-04-17,Wrong item sent,4560.24
RET00900,ORD000579,2024-03-05,Wrong item sent,4682.54
RET00901,ORD001394,2022-05-06,Late delivery,576.4
RET00902,ORD004357,2022-03-30,Damaged product,1852.51
RET00903,ORD004848,2023-07-15,Wrong item sent,262.51
RET00904,ORD001286,2022-04-29,Late delivery,4521.32
RET00905,ORD006311,2022-12-13,Customer changed mind,3426.71
RET00906,ORD003229,2022-08-07,Late delivery,4444.95
RET00907,ORD005364,2024-02-21,Customer changed mind,3767.61
RET00908,ORD005395,2023-02-20,Customer changed mind,1639.16
RET00909,ORD008394,2022-12-27,Customer changed mind,1697.14
RET00910,ORD005247,2023-12-18,Wrong item sent,3519.99
RET00911,ORD007943,2024-01-05,Customer changed mind,2703.75
RET00912,ORD000362,2023-04-24,Customer changed mind,802.42
RET00913,ORD006719,2022-08-15,Quality not as expected,3965.34
RET00914,ORD003697,2024-05-21,Wrong item sent,1930.95
RET00915,ORD001958,2023-06-13,Late delivery,3009.48
RET00916,ORD004923,2022-01-06,Late delivery,3577.16
RET00917,ORD002320,2024-02-17,Wrong item sent,4484.47
RET00918,ORD003102,2023-06-28,Quality not as expected,656.27
RET00919,ORD008914,2024-12-16,Damaged product,1174.57
RET00920,ORD001660,2022-01-14,Damaged product,798.14
RET00921,ORD005629,2024-03-22,Customer changed mind,686.64
RET00922,ORD003406,2022-11-20,Customer changed mind,2295.55
RET00923,ORD007855,2023-03-30,Customer changed mind,1793.11
RET00924,ORD003795,2022-08-15,Customer changed mind,301.85
RET00925,ORD004452,2024-01-10,Late delivery,1931.12
RET00926,ORD006193,2023-05-06,Late delivery,4783.21
RET00927,ORD009058,2022-05-06,Customer changed mind,3483.38
RET00928,ORD003761,2022-09-21,Quality not as expected,1754.35
RET00929,ORD008925,2022-04-30,Late delivery,1344.4
RET00930,ORD001275,2024-05-31,Customer changed mind,1121.73
RET00931,ORD000991,2023-06-08,Customer changed mind,854.89
RET00932,ORD002111,2022-06-12,Quality not as expected,1575.17
RET00933,ORD003426,2024-09-13,Customer changed mind,2681.58
RET00934,ORD000887,2024-08-07,Customer changed mind,3081.64
RET00935,ORD007517,2023-04-06,Late delivery,4187.99
RET00936,ORD004334,2024-01-19,Customer changed mind,2507.83
RET00937,ORD003397,2022-11-08,Late delivery,4944.17
RET00938,ORD002923,2024-01-29,Late delivery,1279.04
RET00939,ORD008624,2024-12-30,Damaged product,4074.15
RET00940,ORD004482,2023-11-12,Damaged product,4614.0
RET00941,ORD001989,2022-04-06,Wrong item sent,4889.68
RET00942,ORD007806,2024-10-13,Customer changed mind,3888.92
RET00943,ORD000370,2024-07-06,Customer changed mind,4611.45
RET00944,ORD002278,2024-02-24,Damaged product,684.8
RET00945,ORD005597,2022-06-01,Damaged product,3798.99
RET00946,ORD004405,2022-12-06,Late delivery,410.87
RET00947,ORD001614,2022-05-17,Damaged product,2818.46
RET00948,ORD002231,2023-12-20,Late delivery,3366.84
RET00949,ORD002440,2023-02-02,Late delivery,3875.0
RET00950,ORD000191,2022-05-09,Wrong item sent,2686.81
RET00951,ORD005588,2022-03-29,Customer changed mind,1140.72
RET00952,ORD005601,2024-05-10,Customer changed mind,1155.02
RET00953,ORD003726,2024-03-09,Late delivery,3551.57
RET00954,ORD001196,2024-04-24,Wrong item sent,194.01
RET00955,ORD007562,2022-02-07,Quality not as expected,3049.19
RET00956,ORD007664,2024-03-31,Customer changed mind,3148.75
RET00957,ORD004038,2023-04-26,Late delivery,381.68
RET00958,ORD008601,2023-07-05,Damaged product,2632.23
RET00959,ORD000983,2024-09-08,Quality not as expected,3311.67
RET00960,ORD006751,2022-06-09,Wrong item sent,1548.22
RET00961,ORD001695,2024-02-27,Late delivery,757.46
RET00962,ORD002086,2024-08-29,Customer changed mind,4814.85
RET00963,ORD009355,2022-05-14,Damaged product,1589.38
RET00964,ORD005398,2023-05-02,Quality not as expected,247.81
RET00965,ORD006179,2022-04-19,Customer changed mind,1402.63
RET00966,ORD004004,2022-02-24,Quality not as expected,855.29
RET00967,ORD009347,2022-03-01,Damaged product,4124.87
RET00968,ORD000875,2024-01-28,Customer changed mind,570.42
RET00969,ORD008445,2022-02-04,Customer changed mind,4031.45
RET00970,ORD003631,2022-02-15,Wrong item sent,1412.5
RET00971,ORD009325,2024-09-03,Customer changed mind,4143.44
RET00972,ORD001867,2022-06-28,Damaged product,1097.04
RET00973,ORD009298,2022-02-25,Wrong item sent,4208.45
RET00974,ORD004975,2023-11-08,Wrong item sent,1911.78
RET00975,ORD003143,2023-01-10,Customer changed mind,3142.21
RET00976,ORD005831,2024-05-13,Damaged product,2079.04
RET00977,ORD001922,2024-11-09,Customer changed mind,1209.5
RET00978,ORD006181,2023-06-09,Late delivery,4911.33
RET00979,ORD001257,2023-02-26,Customer changed mind,3829.75
RET00980,ORD002966,2022-08-16,Damaged product,2699.81
RET00981,ORD005595,2024-11-25,Customer changed mind,2243.12
RET00982,ORD005541,2024-08-08,Quality not as expected,4728.94
RET00983,ORD004784,2022-04-22,Customer changed mind,1469.85
RET00984,ORD001642,2024-08-19,Wrong item sent,1315.07
RET00985,ORD002696,2024-09-26,Late delivery,3604.64
RET00986,ORD002454,2023-02-22,Damaged product,3115.52
RET00987,ORD001339,2023-01-02,Wrong item sent,2899.59
RET00988,ORD006678,2022-03-10,Wrong item sent,2707.19
RET00989,ORD008310,2023-10-19,Quality not as expected,360.76
RET00990,ORD003157,2023-03-06,Wrong item sent,4650.54
RET00991,ORD002532,2023-07-07,Damaged product,4178.33
RET00992,ORD004135,2023-12-22,Quality not as expected,4381.3
RET00993,ORD002248,2024-09-03,Damaged product,1643.43
RET00994,ORD002524,2022-08-14,Quality not as expected,480.1
RET00995,ORD006274,2023-06-14,Customer changed mind,2449.18
RET00996,ORD006522,2022-04-18,Customer changed mind,3117.19
RET00997,ORD008251,2022-04-30,Quality not as expected,3780.65
RET00998,ORD002691,2022-05-25,Late delivery,1688.31
RET00999,ORD002158,2022-03-20,Quality not as expected,111.08
RET01000,ORD003591,2022-05-13,Quality not as expected,762.87
RET01001,ORD006625,2024-07-27,Wrong item sent,1533.16
RET01002,ORD001700,2023-11-03,Quality not as expected,4254.46
RET01003,ORD000542,2022-07-04,Customer changed mind,2252.66
RET01004,ORD006954,2022-03-13,Late delivery,2091.82
RET01005,ORD002501,2023-06-02,Damaged product,4094.23
RET01006,ORD005241,2024-09-20,Damaged product,239.07
RET01007,ORD007618,2022-08-26,Quality not as expected,2815.57
RET01008,ORD003123,2024-12-14,Wrong item sent,3313.23
RET01009,ORD003854,2024-02-28,Quality not as expected,1313.33
RET01010,ORD007699,2024-03-03,Quality not as expected,2688.35
RET01011,ORD005677,2023-02-18,Customer changed mind,4831.97
RET01012,ORD009036,2022-04-08,Late delivery,4127.5
RET01013,ORD009120,2024-07-06,Quality not as expected,1068.52
RET01014,ORD001859,2024-03-09,Customer changed mind,449.17
RET01015,ORD003489,2023-11-16,Quality not as expected,2696.17
RET01016,ORD004106,2022-03-14,Damaged product,4525.48
RET01017,ORD004835,2024-12-12,Customer changed mind,4265.36
RET01018,ORD008262,2022-06-28,Wrong item sent,4550.02
RET01019,ORD004366,2024-08-08,Late delivery,654.48
RET01020,ORD007691,2022-12-20,Quality not as expected,3300.23
RET01021,ORD005794,2023-11-30,Late delivery,303.39
RET01022,ORD001964,2024-12-03,Quality not as expected,4888.46
RET01023,ORD003815,2022-04-11,Wrong item sent,4387.82
RET01024,ORD007243,2024-07-08,Wrong item sent,1009.33
RET01025,ORD001105,2023-07-03,Wrong item sent,4233.31
RET01026,ORD009251,2022-03-27,Damaged product,4520.18
RET01027,ORD003953,2022-02-09,Quality not as expected,529.54
RET01028,ORD008070,2024-12-12,Late delivery,1741.65
RET01029,ORD002180,2022-11-27,Damaged product,1143.32
RET01030,ORD005284,2023-08-30,Customer changed mind,3493.48
RET01031,ORD005582,2023-05-20,Damaged product,4108.93
RET01032,ORD003828,2024-08-31,Wrong item sent,3162.63
RET01033,ORD007899,2022-06-27,Wrong item sent,1831.7
RET01034,ORD008122,2024-08-04,Customer changed mind,4417.23
RET01035,ORD003245,2023-01-29,Damaged product,4918.43
RET01036,ORD001891,2023-11-20,Quality not as expected,977.84
RET01037,ORD009052,2023-09-23,Late delivery,3394.44
RET01038,ORD002774,2022-01-25,Late delivery,4233.42
RET01039,ORD002816,2024-10-02,Customer changed mind,3519.69
RET01040,ORD009184,2023-09-04,Wrong item sent,2038.56
RET01041,ORD006364,2023-06-25,Wrong item sent,577.51
RET01042,ORD007100,2023-07-27,Wrong item sent,2435.27
RET01043,ORD006638,2024-11-16,Quality not as expected,154.95
RET01044,ORD005862,2022-03-20,Late delivery,891.04
RET01045,ORD000785,2023-02-12,Damaged product,2412.67
RET01046,ORD000012,2022-12-11,Customer changed mind,4175.25
RET01047,ORD004564,2023-05-17,Damaged product,2325.73
RET01048,ORD005532,2024-07-25,Late delivery,4964.78
RET01049,ORD003396,2023-01-21,Wrong item sent,2680.21
RET01050,ORD000866,2023-04-15,Quality not as expected,1977.81
RET01051,ORD007715,2023-05-06,Customer changed mind,2955.43
RET01052,ORD006743,2022-11-13,Quality not as expected,2952.29
RET01053,ORD001472,2022-03-03,Customer changed mind,2151.07
RET01054,ORD003890,2023-06-05,Quality not as expected,2927.46
RET01055,ORD004145,2022-10-28,Quality not as expected,4253.43
RET01056,ORD009396,2023-12-30,Customer changed mind,3683.24
RET01057,ORD005446,2022-04-30,Customer changed mind,1811.94
RET01058,ORD009083,2023-05-30,Quality not as expected,3700.63
RET01059,ORD007175,2024-11-10,Damaged product,1451.84
RET01060,ORD008691,2024-06-15,Customer changed mind,4049.29
RET01061,ORD006740,2022-02-04,Wrong item sent,2096.06
RET01062,ORD003365,2023-04-22,Late delivery,2591.45
RET01063,ORD001027,2022-07-27,Damaged product,125.32
RET01064,ORD005251,2023-09-30,Wrong item sent,579.35
RET01065,ORD003574,2022-11-14,Damaged product,4656.77
RET01066,ORD005874,2023-10-11,Late delivery,4258.3
RET01067,ORD005084,2022-11-11,Quality not as expected,1499.16
RET01068,ORD003733,2022-10-14,Quality not as expected,2370.83
RET01069,ORD007367,2023-12-06,Damaged product,362.95
RET01070,ORD006398,2024-08-31,Late delivery,1940.28
RET01071,ORD005419,2024-01-13,Damaged product,484.44
RET01072,ORD005504,2024-08-04,Customer changed mind,3038.5
RET01073,ORD008974,2024-04-27,Customer changed mind,703.04
RET01074,ORD006070,2023-12-02,Customer changed mind,4301.61
RET01075,ORD004306,2022-08-30,Customer changed mind,353.09
RET01076,ORD007750,2023-09-16,Late delivery,1556.0
RET01077,ORD009142,2024-05-05,Late delivery,2405.46
RET01078,ORD006717,2022-01-07,Damaged product,115.65
RET01079,ORD004007,2024-06-29,Damaged product,4742.04
RET01080,ORD002786,2023-05-14,Quality not as expected,3890.93
RET01081,ORD008190,2023-05-06,Quality not as expected,3039.84
RET01082,ORD005121,2023-05-30,Customer changed mind,1867.11
RET01083,ORD005991,2022-02-27,Customer changed mind,3522.9
RET01084,ORD008520,2022-01-01,Quality not as expected,2613.04
RET01085,ORD007045,2024-03-20,Late delivery,783.76
RET01086,ORD003256,2024-01-09,Customer changed mind,3367.92
RET01087,ORD001381,2024-06-01,Customer changed mind,4448.91
RET01088,ORD004667,2023-04-02,Customer changed mind,3728.32
RET01089,ORD008505,2023-08-11,Wrong item sent,2748.86
RET01090,ORD002205,2024-12-26,Customer changed mind,302.29
RET01091,ORD004001,2022-08-18,Wrong item sent,2180.09
RET01092,ORD004205,2023-11-23,Late delivery,3778.75
RET01093,ORD007086,2023-06-23,Customer changed mind,1807.38
RET01094,ORD004285,2022-11-03,Late delivery,3003.53
RET01095,ORD008466,2022-04-22,Late delivery,1009.61
RET01096,ORD001436,2022-08-31,Late delivery,2289.75
RET01097,ORD001886,2024-11-30,Wrong item sent,1375.16
RET01098,ORD005100,2023-08-27,Late delivery,4807.69
RET01099,ORD001556,2023-09-23,Customer changed mind,355.32
RET01100,ORD002527,2024-07-21,Customer changed mind,4260.94
RET01101,ORD007394,2022-07-01,Customer changed mind,4196.67
RET01102,ORD003343,2022-08-02,Late delivery,3922.06
RET01103,ORD005149,2022-01-23,Quality not as expected,2223.15
RET01104,ORD004154,2022-01-10,Quality not as expected,3097.22
RET01105,ORD003862,2023-12-11,Quality not as expected,397.03
RET01106,ORD000609,2023-07-05,Damaged product,3118.09
RET01107,ORD000762,2024-04-04,Quality not as expected,3416.89
RET01108,ORD005136,2024-06-17,Late delivery,1696.1
RET01109,ORD006457,2022-02-14,Late delivery,4323.75
RET01110,ORD002485,2022-04-17,Customer changed mind,409.49
RET01111,ORD001354,2024-02-09,Customer changed mind,1851.07
RET01112,ORD002547,2022-05-11,Customer changed mind,3340.24
RET01113,ORD000511,2023-08-31,Late delivery,4578.29
RET01114,ORD003798,2022-03-04,Quality not as expected,2759.94
RET01115,ORD005313,2022-03-14,Customer changed mind,3830.2
RET01116,ORD000129,2024-09-07,Customer changed mind,3614.94
RET01117,ORD006799,2022-03-09,Wrong item sent,350.44
RET01118,ORD001166,2023-12-01,Quality not as expected,1298.93
RET01119,ORD006465,2023-04-30,Damaged product,982.11
RET01120,ORD006879,2022-05-07,Customer changed mind,2801.58
RET01121,ORD008638,2023-10-30,Wrong item sent,860.6
RET01122,ORD007889,2024-06-13,Quality not as expected,869.75
RET01123,ORD000524,2023-12-18,Customer changed mind,4221.2
RET01124,ORD009203,2022-09-16,Quality not as expected,1367.59
RET01125,ORD003578,2022-01-05,Quality not as expected,4366.85
RET01126,ORD003082,2023-06-04,Quality not as expected,2460.49
RET01127,ORD008890,2024-08-27,Quality not as expected,748.98
RET01128,ORD004860,2022-05-22,Quality not as expected,4877.99
RET01129,ORD007625,2023-07-09,Quality not as expected,1805.91
RET01130,ORD008191,2023-11-08,Customer changed mind,958.18
RET01131,ORD003811,2024-07-23,Customer changed mind,204.82
RET01132,ORD001494,2022-06-28,Quality not as expected,4252.32
RET01133,ORD003743,2022-03-11,Damaged product,1777.69
RET01134,ORD001148,2024-06-29,Customer changed mind,2036.91
RET01135,ORD007429,2024-11-11,Late delivery,4190.02
RET01136,ORD008071,2024-11-10,Quality not as expected,2964.45
RET01137,ORD004317,2023-09-20,Quality not as expected,1501.59
RET01138,ORD003524,2023-08-09,Damaged product,3458.02
RET01139,ORD007874,2023-06-24,Wrong item sent,1566.75
RET01140,ORD006164,2023-08-10,Quality not as expected,481.56
RET01141,ORD002256,2023-07-13,Damaged product,977.76
RET01142,ORD005234,2024-05-06,Damaged product,2089.16
RET01143,ORD003899,2024-08-18,Customer changed mind,2713.31
RET01144,ORD003416,2023-04-27,Damaged product,3264.93
RET01145,ORD003715,2022-02-21,Wrong item sent,1376.25
RET01146,ORD002007,2023-01-14,Quality not as expected,4325.58
RET01147,ORD008612,2022-12-07,Quality not as expected,1518.24
RET01148,ORD006836,2022-07-07,Quality not as expected,4360.26
RET01149,ORD007602,2022-01-25,Damaged product,3669.92
RET01150,ORD006299,2024-03-30,Quality not as expected,4322.85
RET01151,ORD002186,2023-01-05,Damaged product,3194.97
RET01152,ORD008223,2022-02-18,Late delivery,3668.41
RET01153,ORD002338,2023-11-13,Wrong item sent,3190.76
RET01154,ORD003698,2024-03-12,Damaged product,2492.58
RET01155,ORD006217,2024-06-21,Customer changed mind,4217.16
RET01156,ORD007174,2022-07-28,Late delivery,1732.35
RET01157,ORD004827,2022-06-02,Quality not as expected,1847.31
RET01158,ORD001251,2024-05-04,Late delivery,4870.64
RET01159,ORD000584,2024-01-18,Quality not as expected,4097.51
RET01160,ORD009436,2024-10-02,Late delivery,853.87
RET01161,ORD005761,2022-04-26,Customer changed mind,338.06
RET01162,ORD000149,2023-03-11,Quality not as expected,2820.01
RET01163,ORD006145,2023-12-14,Damaged product,1907.61
RET01164,ORD007098,2023-10-30,Quality not as expected,2396.91
RET01165,ORD000661,2022-12-29,Late delivery,4622.59
RET01166,ORD006533,2024-01-18,Damaged product,1244.63
RET01167,ORD005969,2024-04-14,Damaged product,1934.1
RET01168,ORD005624,2022-06-21,Quality not as expected,1976.34
RET01169,ORD002882,2023-03-18,Damaged product,785.76
RET01170,ORD001734,2024-05-22,Customer changed mind,4464.84
RET01171,ORD002125,2024-11-04,Customer changed mind,2320.55
RET01172,ORD004187,2023-09-04,Wrong item sent,2261.2
RET01173,ORD002028,2024-12-02,Damaged product,4130.9
RET01174,ORD004565,2024-12-25,Wrong item sent,4334.3
RET01175,ORD006174,2024-06-03,Quality not as expected,4542.04
RET01176,ORD006564,2022-11-30,Late delivery,1850.89
RET01177,ORD009016,2022-08-28,Customer changed mind,403.6
RET01178,ORD004528,2024-01-21,Damaged product,2999.69
RET01179,ORD001929,2022-06-10,Late delivery,2701.3
RET01180,ORD002874,2022-07-31,Quality not as expected,4625.95
RET01181,ORD004042,2022-03-15,Customer changed mind,1642.88
RET01182,ORD004019,2023-04-23,Wrong item sent,2247.59
RET01183,ORD000978,2022-08-12,Wrong item sent,4119.5
RET01184,ORD002312,2024-06-11,Damaged product,2004.73
RET01185,ORD003718,2024-12-11,Damaged product,2448.09
RET01186,ORD001742,2024-07-24,Quality not as expected,4979.54
RET01187,ORD005865,2024-11-12,Late delivery,2836.12
RET01188,ORD003080,2024-11-08,Damaged product,908.73
RET01189,ORD007487,2022-11-04,Damaged product,2247.02
RET01190,ORD008766,2023-12-22,Customer changed mind,1519.42
RET01191,ORD003579,2024-09-02,Late delivery,1681.42
RET01192,ORD008668,2023-03-23,Quality not as expected,264.83
RET01193,ORD002772,2022-10-16,Customer changed mind,1952.34
RET01194,ORD002701,2022-03-01,Damaged product,1579.27
RET01195,ORD000625,2023-10-27,Quality not as expected,3250.62
RET01196,ORD006249,2022-07-07,Customer changed mind,2533.42
RET01197,ORD005818,2024-08-26,Damaged product,537.17
RET01198,ORD006715,2024-09-20,Damaged product,4169.58
RET01199,ORD006003,2024-02-17,Quality not as expected,1604.03
RET01200,ORD005777,2022-12-14,Customer changed mind,4673.92
